x_rk4,y_rk4,x_euler,y_euler
32.50260873678109,-1862.0732074298135,32.25546689030292,-1847.9144605277238
590.2629200472466,-1537.687478309315,608.8629256816528,-1586.1421495907468
239.19203740854414,1356.525453152395,240.29039074957495,1362.7545244868968
-1206.7151737722243,-1206.7151737722238,-1191.301040577442,-1191.3010405774417
309.6370209057845,1012.7770606093138,307.2738748232612,1005.0475580574314
906.4940657771797,-1247.6820431501176,887.9327830488191,-1222.1346291820462
1936.7069136688133,3801.00133485087,1901.0056161354164,3730.933593251663
