x_rk4,y_rk4,x_euler,y_euler
-680.7449081311313,-1048.2552333263084,-676.2440805456891,-1041.3245666193131
753.4727866251062,-2318.9507911056535,770.1833334465331,-2370.380565955154
-1332.622883877636,485.0350632334449,-1329.923287466939,484.0524904954198
-720.1828853069183,3119.4547927792664,-721.8773509408354,3126.794329792382
-1483.45272644948,1201.2763318783898,-1496.0035238818068,1211.4397672429538
1470.2669932951578,594.0264242710454,1475.265392230364,596.0459085280562
2678.01868479246,818.7524774606252,2672.510650559817,817.0685024011808
