x_rk4,y_rk4,x_euler,y_euler
458.3445605800167,-608.243775635595,450.6279928492992,-598.0035443878628
-1922.3346052015213,2745.3783347099443,-1947.7460335318844,2781.669615428419
-867.3429553319143,541.9760303813732,-856.6544434765021,535.2971069054073
-908.2533866157513,-659.8847115812392,-898.7122913007926,-652.9527000711677
-4055.9866611059742,212.56525371020135,-3818.271914811233,200.10715175406213
-231.7262557741331,1887.2589034819891,-228.77883186506284,1863.2540620964285
