x_rk4,y_rk4,x_euler,y_euler
2390.1992749046403,-1270.8914980172262,2433.615241822455,-1293.9761771121293
4055.0032002105127,0.0,3892.0376285093075,0.0
-119.16516007437616,-2273.806707794161,-115.66644758973365,-2207.0472966436396
1335.1361423266949,382.8441281719949,1345.7965872763684,385.90096157145
-1026.097480640956,956.851380545539,-1048.450048335424,977.6954871345434
1259.6011445960994,4392.751225142976,1286.8789665685806,4487.880295486326
