x_rk4,y_rk4,x_euler,y_euler
-1734.7375020989518,-243.80145653452843,-1723.3859401358432,-242.2060985410573
-1662.414728994486,-263.3006264390572,-1614.8394559798805,-255.76544344935147
-591.0786756466925,-1933.3312339691192,-587.3761875964284,-1921.2209412350082
3964.5686963954186,-2574.6210151923456,4035.1192377807147,-2620.4370724721466
2673.594589243613,-1942.4801717305102,2821.619443227036,-2050.026523351247
1.850322770871021e-13,3021.8064051762303,1.835843793316464e-13,2998.1604403729293
3050.3908444191547,2298.6343752085363,3079.008522022394,2320.1993420709955
1450.4763139389117,-2512.298670917421,1435.6277282482113,-2486.5801660805864
