x_rk4,y_rk4,x_euler,y_euler
2222.229989610511,4009.0090244536777,2184.434198875389,3940.823613019271
168.57203368191455,-730.1656969722311,166.05483548157758,-719.2625136966784
-3727.5573793617823,-260.6562038752759,-3741.3345923127135,-261.6196004544015
51.13764136937018,-1464.3904505441722,51.29880366610027,-1469.0055348929948
620.6766457155936,3520.0321767081514,634.5888154984317,3598.9320122689905
-1257.4625121186398,-3112.32893240867,-1213.7258270979175,-3004.0768383018744
2063.9034242061616,-2947.559561388249,2069.749261033216,-2955.9082816005475
