x_rk4,y_rk4,x_euler,y_euler
1819.19561320444,223.36913456379736,1782.6515212437962,218.88208427881426
118.65110927329836,-2263.9980341943765,118.48480870685464,-2260.8248303548185
-531.156147385036,-1542.5894609800016,-540.4613028373287,-1569.6135946630175
1879.908529847768,-3391.444763387466,1864.6507083112715,-3363.9189246942165
248.07970216503196,3547.7050257266214,246.13341672073113,3519.8718471473753
3380.4533669735033,3152.323762687645,3511.2121017457803,3274.2582555070717
