x_rk4,y_rk4,x_euler,y_euler
1192.4714600894501,2340.3570150866244,1183.4406766218976,2322.6331045802613
-1653.391452563552,537.219448521034,-1629.089731993062,529.3233408553315
-1354.3307950206588,337.6725923115182,-1344.419827885612,335.20151066949285
-2.461334208196714e-13,-1339.887936075603,-2.3741819865982264e-13,-1292.4444763726842
2167.8251202302354,-3754.7832501628745,2110.6178204156686,-3655.6973003202224
3666.7839432197284,64.003951806646,3619.3353377753747,63.17573331786151
