x_rk4,y_rk4,x_euler,y_euler
1188.223311918009,2436.218821079569,1226.745352105131,2515.2007080606913
-1615.6071986986396,3464.6808184342954,-1575.583416271476,3378.8495400342745
-2328.0662163903457,494.8457502960691,-2437.266697308811,518.0570290528108
1499.1247746396673,1349.8180099926435,1516.5007855060578,1365.4634404505052
-993.2101514605233,-1028.4992198018936,-978.870032227249,-1013.6495916324673
-376.2232397634657,-5380.242989876216,-370.1660187042706,-5293.620693065536
