x_rk4,y_rk4,x_euler,y_euler
728.7873988796101,2383.756171943618,724.3408012576423,2369.212006468462
551.8284786081844,269.1447323159307,538.3631931506263,262.5772737839379
-4250.368729375928,74.1904621401223,-4411.220592144494,76.99814184857203
3092.897478340961,2784.857398096795,2939.2246461668956,2646.4897585085623
-649.2534856951019,454.6121848926401,-654.5306275502456,458.30727939981375
990.1757404336325,380.092855117035,1004.1309198342444,385.4497465913972
1870.6692049478781,65.32520810129601,1908.05948092626,66.63090530996978
-224.75095010240932,-1274.625977257602,-211.73976081618824,-1200.8358560070503
-1295.079131224792,-2243.142855103499,-1191.9346910822478,-2064.4914442583613
