x_rk4,y_rk4,x_euler,y_euler
2026.02691234061,-2414.5248514744776,2058.2298460816614,-2452.9028134524533
-1868.6613659978548,871.3711054631824,-1887.544309408237,880.1763665839499
-625.5881322190054,-454.51638307254916,-662.569302034175,-481.38477567865647
722.7006008625553,925.0145866549382,723.440821490318,925.9620258534211
2188.6428115506287,-627.5832272863265,2120.6597542948275,-608.0893993084479
