x_rk4,y_rk4,x_euler,y_euler
-1425.7879655218892,251.40488709093955,-1424.5809462852847,251.1920570332921
-576.9577923116083,1085.0997893882336,-545.5314938354115,1025.995518136176
-1.3924085490620833e-13,-757.9919097389458,-1.3258581482454403e-13,-721.7635589126895
-1289.154086538266,-628.7624596875667,-1277.5104401250524,-623.083473882105
2207.1984726022665,154.34235251566227,2111.8169552270447,147.67262708727858
1828.490902282163,1098.6681754315218,1791.673299804548,1076.545928015712
-693.0164775420536,-2416.8356735999114,-722.4479364984492,-2519.475368667756
