x_rk4,y_rk4,x_euler,y_euler
-262.84655717078283,650.5680581191398,-262.49091046808917,649.6878016408405
1372.11864102277,-1694.4254082277569,1300.7563379231158,-1606.3003030461996
-1076.1102848572978,-268.30442816247626,-1065.3799058613347,-265.62904419766176
-1414.3983279250658,224.01868756437202,-1390.9642344112356,220.3070917786709
419.2750601928637,941.7072035740771,410.1801168080203,921.2796262751407
1792.0466219566024,-952.8480908714191,1793.8546478356645,-953.8094352840019
