x_rk4,y_rk4,x_euler,y_euler
-1683.4038166165883,1412.5435216454064,-1651.2932235219544,1385.599534822816
3001.098443284764,421.77688024328836,2855.489967380337,401.31294349993743
-351.5565453876647,30.757212309757694,-349.74350732650856,30.59859203286547
-2451.945611279929,1040.7891627039949,-2285.3948505372473,970.092559148176
33.49446478266504,-478.99316230408465,33.351473743249315,-476.9482951717003
-153.52585018058707,-1092.39318597824,-153.1134673140179,-1089.4589294154237
-1156.5494870245598,1197.6420532128652,-1151.3127545820473,1192.219258023436
1162.1349983093057,-1336.8833869808657,1144.9771392241128,-1317.1455279537142
-844.8457568273838,-2763.3659559340567,-823.9532927234443,-2695.0297850131046
