x_rk4,y_rk4,x_euler,y_euler
-1914.2230454990033,-585.2367161642825,-1986.780837498327,-607.4198593573722
1768.4661563973596,-980.276797678945,1862.584138764482,-1032.4472472095097
121.33051499914629,2315.1241410911634,128.9974651571708,2461.418265034426
-147.09194914840208,692.013212825446,-143.31669754599295,674.2520504658947
-645.0145527966366,768.6984105709399,-623.7201614667626,743.3207432014548
-2842.898347631802,-2842.8983476318017,-2841.7630801603977,-2841.7630801603973
97.9738073845095,-1869.4516105209766,105.00527726573719,-2003.6200484403257
-4330.7615630996825,608.6488449750619,-4164.722484699849,585.313574303534
1096.0199302315186,-193.25788509402622,1094.232148778587,-192.942650988264
