x_rk4,y_rk4,x_euler,y_euler
-3027.4880883835444,-3135.0556901610325,-3139.5794030181155,-3251.129644377756
1010.0141221015847,-817.893309379336,1025.7143139896903,-830.6070740884219
-3583.9845010139834,-1095.734023832283,-3652.084303175259,-1116.554222754248
1769.8111904361906,-2265.255023760472,1770.5996897679615,-2266.2642568821657
557.9976077961703,2082.4754227971985,563.2797064016596,2102.1884831634757
259.207135521019,967.3741994488337,256.3132995503959,956.5742565776984
2543.5915601126367,133.30398506858955,2548.754568224609,133.5745668581583
